{"Time":1.0,"ControlSamples":[-6.3,-6.2759203818272109,-6.2517569973625564,-6.22751016936129,-6.2031802216924472,-6.178767479334569,-6.1542722683714226,-6.1296949159877263,-6.105035750464876,-6.0802951011766684,-6.0554732985850279,-6.03057067423573,-6.005587560754126,-5.9805242918408608,-5.9553812022675965,-5.930158627872725,-5.9048569055570823,-5.8794763732796582,-5.8540173700532989,-5.8284802359404075,-5.8028653120486382,-5.7771729405265839,-5.75140346455946,-5.725557228364778,-5.6996345771880117,-5.673635857298259,-5.6475614159838923,-5.6214116015482,-5.5951867633050218,-5.56888725157437,-5.5425134176780428,-5.5160656139352264,-5.4895441936580873,-5.4629495111473494,-5.4362819216878631,-5.4095417815441591,-5.3827294479559891,-5.3558452791338569,-5.3288896342545291,-5.3018628734565381,-5.2747653578356655,-5.2475974494404136,-5.22035951126746,-5.193051907257094,-5.1656750022886451,-5.1382291621758815,-5.1107147536624042,-5.0831321444170161,-5.0554817030290753,-5.0277637990038313,-4.9999788027577416,-4.97212708561377,-4.9442090197966646,-4.9162249784282173,-4.8881753355225044,-4.8600604659811042,-4.8318807455882968,-4.8036365510062415,-4.7753282597701343,-4.7469562502833433,-4.7185209018125223,-4.6900225944827039,-4.6614617092723689,-4.6328386280084946,-4.6041537333615778,-4.57540740884064,-4.5466000387882026,-4.5177320083752477,-4.4888037035961448,-4.4598155112635629,-4.4307678190033544,-4.4016610152494149,-4.37249548923852,-4.3432716310051358,-4.3139898313762091,-4.2846504819659277,-4.2552539751704588,-4.2258007041626611,-4.1962910628867727,-4.1667254460530749,-4.1371042491325261,-4.1074278683513761,-4.0776967006857525,-4.0479111438562185,-4.0180715963223124,-3.9881784572770527,-3.9582321266414238,-3.9282330050588339,-3.8981814938895463,-3.8680779952050868,-3.8379229117826235,-3.8077166470993218,-3.7774596053266736,-3.7471521913247994,-3.7167948106367277,-3.6863878694826449,-3.6559317747541229,-3.6254269340083196,-3.5948737554621526,-3.56427264798645,-3.5336240211000756,-3.5029282849640255,-3.4721858503755048,-3.4413971287619747,-3.4105625321751774,-3.3796824732851354,-3.3487573653741256,-3.31778762233063,-3.2867736586432619,-3.2557158893946663,-3.2246147302554,-3.1934705974777842,-3.1622839078897345,-3.13105507888857,-3.0997845284347951,-3.0684726750458631,-3.0371199377899121,-3.0057267362794824,-2.97429349066521,-2.9428206216294988,-2.91130855038017,-2.879757698644092,-2.8481684886607868,-2.8165413431760182,-2.7848766854353566,-2.7531749391777272,-2.7214365286289337,-2.6896618784951674,-2.6578514139564935,-2.6260055606603192,-2.5941247447148443,-2.5622093926824929,-2.5302599315733274,-2.498276788838445,-2.4662603923633561,-2.4342111704613485,-2.4021295518668322,-2.3700159657286712,-2.3378708416034972,-2.3056946094490103,-2.2734876996172626,-2.2412505428479306,-2.2089835702615708,-2.1766872133528645,-2.1443619039838469,-2.1120080743771252,-2.0796261571090859,-2.0472165851030883,-2.0147797916226464,-1.982316210264603,-1.9498262749522912,-1.9173104199286868,-1.8847690797495518,-1.8522026892765684,-1.8196116836704659,-1.786996498384138,-1.7543575691557551,-1.721695332001868,-1.6890102232105058,-1.6563026793342686,-1.6235731371834148,-1.5908220338189432,-1.5580498065456712,-1.5252568929053096,-1.4924437306695342,-1.4596107578330537,-1.4267584126066781,-1.3938871334103828,-1.3609973588663735,-1.3280895277921498,-1.2951640791935697,-1.2622214522579136,-1.2292620863469512,-1.1962864209900084,-1.1632948958770377,-1.1302879508516916,-1.097266025904398,-1.0642295611654411,-1.0311789968980467,-0.9981147734914716,-0.96503733145409976,-0.93194711140654407,-0.89884455407475539,-0.86573010028313835,-0.83260419094767546,-0.79946726706905991,-0.76631976972583682,-0.73316214006755465,-0.69999481930792629,-0.66681824871800133,-0.63363286961934917,-0.60043912337725425,-0.56723745139392345,-0.53402829510170691,-0.50081209595633136,-0.46758929543014843,-0.43436033500539717,-0.40112565616748158,-0.36788570039826396,-0.33464090916937433,-0.30139172393553681,-0.26813858612791291,-0.23488193714746297,-0.20162221835832575,-0.16835987108121678,-0.1350953365868463,-0.10182905608935691,-0.068561470739781638,-0.035293021619522934,-0.0020241497338530715,0.031244703994563562,0.0645130987321258,0.097780593740728117,0.13104674838416974,0.16431112213453974,0.19757327457857812,0.23083276542401177,0.26408915450586534,0.29734200179274645,0.33059086739310461,0.36383531156146359,0.39707489470462676,0.43030917738785485,0.46353772034101604,0.49676008446470732,0.52997583083634758,0.56318452071624114,0.596385715553612,0.62957897699260779,0.66276386687827415,0.6959399472624973,0.72910678040991661,0.76226392880380489,0.79541095515191751,0.82854742239230883,0.86167289369911659,0.89478693248831331,0.92788910242342437,0.96097896742121314,0.99405609165733155,1.0271200395719375,1.0601703758752774,1.093206665553234,1.1262284738728394,1.1592353663877537,1.1922269089437068,1.2252026676839052,1.2581622090544038,1.2911050998094402,1.3240309070167333,1.3569391980627454,1.3898295406579073,1.4227015028418071,1.4555546529883407,1.4883885598108268,1.5212027923670828,1.5539969200644641,1.5867705126648652,1.6195231402896839,1.6522543734247459,1.6849637829251933,1.7176509400203335,1.7503154163184502,1.7829567838115772,1.8155746148802321,1.848168482298113,1.8807379592367564,1.9132826192701555,1.9458020363793425,1.9782957849569294,2.0107634398116132,2.0432045761726405,2.0756187696942345,2.1080055964599835,2.1403646329871915,2.1726954562311898,2.2049976435896106,2.2372707729066224,2.269514422477128,2.3017281710509234,2.3339115978368206,2.36606428250673,2.3981858051997089,2.430275746525969,2.4623336875708488,2.4943592098987488,2.5263518955570294,2.5583113270798714,2.5902370874921017,2.6221287603129819,2.65398592955996,2.6858081797523883,2.717595095915204,2.7493462635825754,2.7810612688015133,2.8127396981354469,2.8443811386677669,2.8759851780053323,2.9075514042819455,2.9390794061617926,2.9705687728428525,3.00201909406027,3.0334299600897006,3.0648009617506196,3.0961316904096035,3.1274217379835765,3.1586706969430285,3.1898781603152022,3.2210437216872512,3.252166975209366,3.2832475155978753,3.3142849381383139,3.3452788386884671,3.3762288136813843,3.4071344601283675,3.4379953756219326,3.468811158338744,3.4995814070425251,3.5303057210869424,3.5609837004184679,3.5916149455792135,3.622199057709746,3.6527356385518774,3.6832242904514341,3.7136646163610036,3.7440562198426615,3.7743987050706775,3.8046916768342025,3.8349347405399352,3.8651275022147731,3.8952695685084429,3.9253605466961154,3.9554000446810051,3.985387670996952,4.0153230348109892,4.0452057459258981,4.0750354147827466,4.1048116524634191,4.1345340706931282,4.1642022818429227,4.1938158989321783,4.2233745356310815,4.252877806263105,4.2823253258074727,4.31171670990162,4.3410515748436449,4.3703295375947526,4.3995502157816979,4.4287132276992214,4.4578181923124811,4.4868647292594837,4.5158524588535123,4.5447810020855535,4.5736499806267235,4.6024590168306965,4.631207733736133,4.65989575506911,4.688522705245556,4.7170882093736886,4.7455918932564574,4.7740333833939932,4.8024123069860636,4.8307282919345331,4.8589809668458379,4.8871699610334636,4.9152949045204357,4.9433554280418219,4.9713511630472453,4.9992817417034106,5.027146796896643,5.0549459622354451,5.082678872053064,5.1103451614100806,5.1379444660970108,5.1654764226369307,5.1929406682881156,5.220336841046703,5.247664579649375,5.2749235235760628,5.302113313052673,5.3292335890538416,5.3562839933057074,5.3832641682887168,5.4101737572404494,5.4370124041584758,5.4637797538032418,5.4904754517009806,5.51709914414666,5.5436504782069544,5.570129101723257,5.5965346633147153,5.62286681238131,5.6491251991069618,5.6753094744626793,5.70141929020974,5.727454298902912,5.75341415389371,5.7792985093336942,5.8051070201778119,5.8308393421877733,5.8564951319354766,5.8820740468064709,5.9075757450034683,5.9329998855498944,5.958346128293492,5.9836141339099651,6.0088035639066728,6.0339140806263751,6.05894534725102,6.0838970278055893,